<application>
  <component name="FileTypeManager" version="17">
    <ignoreFiles list="*.classpath;*.hprof;*.idea;*.iml;*.log;*.project;*.pyc;*.pyo;*.rbc;*.settings;*.yarb;*~;.DS_Store;.git;.hg;.svn;CVS;__pycache__;_svn;target;vssver.scc;vssver2.scc;" />
    <extensionMap>
      <mapping ext="ftl" type="HTML" />
      <mapping pattern="p#pay_t_report" type="PLAIN_TEXT" />
      <mapping pattern="p#pay_t_report_ch" type="PLAIN_TEXT" />
      <mapping pattern="p#pay_t_report_ch.sql" type="PLAIN_TEXT" />
      <mapping ext="pkl" type="PLAIN_TEXT" />
      <mapping ext="xmind" type="PLAIN_TEXT" />
      <mapping ext="jks" type="PLAIN_TEXT" />
      <mapping ext="ini" type="PLAIN_TEXT" />
      <mapping pattern="1" type="SQL" />
    </extensionMap>
  </component>
</application>