<application>
  <component name="KeyPromoterXStatistic">
    <option name="statistics">
      <Statistic Action="Add to VCS">
        <Item>
          <IdeaActionID>ChangesView.AddUnversioned</IdeaActionID>
          <ShortCut>'Ctrl+Alt+A'</ShortCut>
          <Description>Add to VCS</Description>
          <Count>24</Count>
        </Item>
      </Statistic>
      <Statistic Action="Alibaba Coding Guidelines Analyze">
        <Item>
          <IdeaActionID>AliP3CInspectionAction</IdeaActionID>
          <ShortCut>'Ctrl+Alt+Shift+J'</ShortCut>
          <Description>Alibaba Coding Guidelines Analyze</Description>
          <Count>6</Count>
        </Item>
      </Statistic>
      <Statistic Action="Back">
        <Item>
          <IdeaActionID>Back</IdeaActionID>
          <ShortCut>'Ctrl+Alt+Left'</ShortCut>
          <Description>Back</Description>
          <Count>118</Count>
        </Item>
      </Statistic>
      <Statistic Action="Browse Console History">
        <Item>
          <IdeaActionID>Console.Jdbc.BrowseHistory</IdeaActionID>
          <ShortCut>'Ctrl+Alt+E'</ShortCut>
          <Description>Browse Console History</Description>
          <Count>8</Count>
        </Item>
      </Statistic>
      <Statistic Action="Build Project">
        <Item>
          <IdeaActionID>CompileDirty</IdeaActionID>
          <ShortCut>'Ctrl+F9'</ShortCut>
          <Description>Build Project</Description>
          <Count>8</Count>
        </Item>
      </Statistic>
      <Statistic Action="Cancel Running Statements">
        <Item>
          <IdeaActionID>Console.Jdbc.Terminate</IdeaActionID>
          <ShortCut>'Ctrl+F2'</ShortCut>
          <Description>Cancel Running Statements</Description>
          <Count>1</Count>
        </Item>
      </Statistic>
      <Statistic Action="Close">
        <Item>
          <IdeaActionID>CloseContent</IdeaActionID>
          <ShortCut>'Ctrl+F4'</ShortCut>
          <Description>Close</Description>
          <Count>135</Count>
        </Item>
      </Statistic>
      <Statistic Action="Column Selection Mode">
        <Item>
          <IdeaActionID>EditorToggleColumnMode</IdeaActionID>
          <ShortCut>'Alt+Shift+Insert'</ShortCut>
          <Description>Column Selection Mode</Description>
          <Count>2</Count>
        </Item>
      </Statistic>
      <Statistic Action="Columns List">
        <Item>
          <IdeaActionID>Console.TableResult.ColumnsList</IdeaActionID>
          <ShortCut>'Ctrl+F12'</ShortCut>
          <Description>Columns List</Description>
          <Count>2</Count>
        </Item>
      </Statistic>
      <Statistic Action="Commit">
        <Item>
          <IdeaActionID>Console.Transaction.Commit</IdeaActionID>
          <ShortCut>'Ctrl+Alt+Shift+Enter'</ShortCut>
          <Description>Commit</Description>
          <Count>123</Count>
        </Item>
      </Statistic>
      <Statistic Action="Compare">
        <Item>
          <IdeaActionID>Diff.ShowDiff</IdeaActionID>
          <ShortCut>'Ctrl+D'</ShortCut>
          <Description>Compare</Description>
          <Count>21</Count>
        </Item>
      </Statistic>
      <Statistic Action="Copy">
        <Item>
          <IdeaActionID>$Copy</IdeaActionID>
          <ShortCut>'Ctrl+C' or 'Ctrl+Insert'</ShortCut>
          <Description>Copy</Description>
          <Count>17</Count>
        </Item>
      </Statistic>
      <Statistic Action="Copy Path">
        <Item>
          <IdeaActionID>CopyPaths</IdeaActionID>
          <ShortCut>'Ctrl+Shift+C'</ShortCut>
          <Description>Copy Path</Description>
          <Count>11</Count>
        </Item>
      </Statistic>
      <Statistic Action="Copy Value">
        <Item>
          <IdeaActionID>XDebugger.CopyValue</IdeaActionID>
          <ShortCut>'Ctrl+C' or 'Ctrl+Insert'</ShortCut>
          <Description>Copy Value</Description>
          <Count>6</Count>
        </Item>
      </Statistic>
      <Statistic Action="Data Source Properties">
        <Item>
          <IdeaActionID>DatabaseView.PropertiesAction</IdeaActionID>
          <ShortCut>'Shift+Enter'</ShortCut>
          <Description>Data Source Properties</Description>
          <Count>4</Count>
        </Item>
      </Statistic>
      <Statistic Action="Debug">
        <Item>
          <IdeaActionID>ActivateDebugToolWindow</IdeaActionID>
          <ShortCut>'Alt+5'</ShortCut>
          <Description>Debug</Description>
          <Count>8</Count>
        </Item>
      </Statistic>
      <Statistic Action="Debug 'HelloWorldAppInitializer'">
        <Item>
          <IdeaActionID>Debug</IdeaActionID>
          <ShortCut>'Shift+F9'</ShortCut>
          <Description>Debug 'HelloWorldAppInitializer'</Description>
          <Count>1</Count>
        </Item>
      </Statistic>
      <Statistic Action="Declaration">
        <Item>
          <IdeaActionID>GotoDeclaration</IdeaActionID>
          <ShortCut>'Ctrl+B'</ShortCut>
          <Description>Declaration</Description>
          <Count>813</Count>
        </Item>
      </Statistic>
      <Statistic Action="Delete...">
        <Item>
          <IdeaActionID>$Delete</IdeaActionID>
          <ShortCut>'Delete'</ShortCut>
          <Description>Delete...</Description>
          <Count>83</Count>
        </Item>
      </Statistic>
      <Statistic Action="Disconnect">
        <Item>
          <IdeaActionID>DatabaseView.CloseConnectionAction</IdeaActionID>
          <ShortCut>'Ctrl+F2'</ShortCut>
          <Description>Disconnect</Description>
          <Count>4</Count>
        </Item>
      </Statistic>
      <Statistic Action="Duplicate">
        <Item>
          <IdeaActionID>DatabaseView.CopyAction</IdeaActionID>
          <ShortCut>'Ctrl+D'</ShortCut>
          <Description>Duplicate</Description>
          <Count>1</Count>
        </Item>
      </Statistic>
      <Statistic Action="Edit Configuration...">
        <Item>
          <IdeaActionID>RunDashboard.EditConfiguration</IdeaActionID>
          <ShortCut>'F4'</ShortCut>
          <Description>Edit Configuration...</Description>
          <Count>2</Count>
        </Item>
      </Statistic>
      <Statistic Action="Execute">
        <Item>
          <IdeaActionID>Console.Jdbc.Execute</IdeaActionID>
          <ShortCut>'Ctrl+Enter'</ShortCut>
          <Description>Execute</Description>
          <Count>852</Count>
        </Item>
      </Statistic>
      <Statistic Action="Find Usages">
        <Item>
          <IdeaActionID>FindUsages</IdeaActionID>
          <ShortCut>'Alt+F7'</ShortCut>
          <Description>Find Usages</Description>
          <Count>2</Count>
        </Item>
      </Statistic>
      <Statistic Action="Find in Path...">
        <Item>
          <IdeaActionID>FindInPath</IdeaActionID>
          <ShortCut>'Ctrl+Shift+F'</ShortCut>
          <Description>Find in Path...</Description>
          <Count>4</Count>
        </Item>
      </Statistic>
      <Statistic Action="Generate...">
        <Item>
          <IdeaActionID>Generate</IdeaActionID>
          <ShortCut>'Alt+Insert'</ShortCut>
          <Description>Generate...</Description>
          <Count>11</Count>
        </Item>
      </Statistic>
      <Statistic Action="Hide All Windows">
        <Item>
          <IdeaActionID>HideAllWindows</IdeaActionID>
          <ShortCut>'Ctrl+Shift+F12'</ShortCut>
          <Description>Hide All Windows</Description>
          <Count>7</Count>
        </Item>
      </Statistic>
      <Statistic Action="Jump to Console...">
        <Item>
          <IdeaActionID>Jdbc.OpenConsole.Any</IdeaActionID>
          <ShortCut>'Ctrl+Shift+F10'</ShortCut>
          <Description>Jump to Console...</Description>
          <Count>84</Count>
        </Item>
      </Statistic>
      <Statistic Action="Jump to Editor">
        <Item>
          <IdeaActionID>Jdbc.OpenEditor</IdeaActionID>
          <ShortCut>'F4'</ShortCut>
          <Description>Jump to Editor</Description>
          <Count>7</Count>
        </Item>
      </Statistic>
      <Statistic Action="Jump to Source">
        <Item>
          <IdeaActionID>EditSource</IdeaActionID>
          <ShortCut>'F4'</ShortCut>
          <Description>Jump to Source</Description>
          <Count>14</Count>
        </Item>
      </Statistic>
      <Statistic Action="Messages">
        <Item>
          <IdeaActionID>ActivateMessagesToolWindow</IdeaActionID>
          <ShortCut>'Alt+0'</ShortCut>
          <Description>Messages</Description>
          <Count>2</Count>
        </Item>
      </Statistic>
      <Statistic Action="Modify Table...">
        <Item>
          <IdeaActionID>ModifyObject</IdeaActionID>
          <ShortCut>'Ctrl+F6'</ShortCut>
          <Description>Modify Table...</Description>
          <Count>3</Count>
        </Item>
      </Statistic>
      <Statistic Action="Next Page">
        <Item>
          <IdeaActionID>Console.TableResult.NextPage</IdeaActionID>
          <ShortCut>'Ctrl+Alt+Down'</ShortCut>
          <Description>Next Page</Description>
          <Count>4</Count>
        </Item>
      </Statistic>
      <Statistic Action="Open Module Settings">
        <Item>
          <IdeaActionID>OpenModuleSettings</IdeaActionID>
          <ShortCut>'F4'</ShortCut>
          <Description>Open Module Settings</Description>
          <Count>60</Count>
        </Item>
      </Statistic>
      <Statistic Action="Paste">
        <Item>
          <IdeaActionID>$Paste</IdeaActionID>
          <ShortCut>'Ctrl+V' or 'Shift+Insert'</ShortCut>
          <Description>Paste</Description>
          <Count>21</Count>
        </Item>
      </Statistic>
      <Statistic Action="Paste from History...">
        <Item>
          <IdeaActionID>PasteMultiple</IdeaActionID>
          <ShortCut>'Ctrl+Shift+V' or 'Ctrl+Shift+Insert'</ShortCut>
          <Description>Paste from History...</Description>
          <Count>1</Count>
        </Item>
      </Statistic>
      <Statistic Action="Project Structure...">
        <Item>
          <IdeaActionID>ShowProjectStructureSettings</IdeaActionID>
          <ShortCut>'Ctrl+Alt+Shift+S'</ShortCut>
          <Description>Project Structure...</Description>
          <Count>13</Count>
        </Item>
      </Statistic>
      <Statistic Action="Properties">
        <Item>
          <IdeaActionID>DatabaseView.PropertiesAction</IdeaActionID>
          <ShortCut>'Shift+Enter'</ShortCut>
          <Description>Properties</Description>
          <Count>2</Count>
        </Item>
      </Statistic>
      <Statistic Action="Rebuild ...fmis-bdgudt-service'">
        <Item>
          <IdeaActionID>Compile</IdeaActionID>
          <ShortCut>'Ctrl+Shift+F9'</ShortCut>
          <Description>Rebuild ...fmis-bdgudt-service'</Description>
          <Count>1</Count>
        </Item>
      </Statistic>
      <Statistic Action="Recompile '...AppInitializer.java'">
        <Item>
          <IdeaActionID>Compile</IdeaActionID>
          <ShortCut>'Ctrl+Shift+F9'</ShortCut>
          <Description>Recompile '...AppInitializer.java'</Description>
          <Count>1</Count>
        </Item>
      </Statistic>
      <Statistic Action="Recompile '...entApplication.java'">
        <Item>
          <IdeaActionID>Compile</IdeaActionID>
          <ShortCut>'Ctrl+Shift+F9'</ShortCut>
          <Description>Recompile '...entApplication.java'</Description>
          <Count>1</Count>
        </Item>
      </Statistic>
      <Statistic Action="Refresh">
        <Item>
          <IdeaActionID>FileChooser.Refresh</IdeaActionID>
          <ShortCut>'Ctrl+Alt+Y'</ShortCut>
          <Description>Refresh</Description>
          <Count>1</Count>
        </Item>
      </Statistic>
      <Statistic Action="Remove">
        <Item>
          <IdeaActionID>$Delete</IdeaActionID>
          <ShortCut>'Delete'</ShortCut>
          <Description>Remove</Description>
          <Count>2</Count>
        </Item>
      </Statistic>
      <Statistic Action="Remove Configuration">
        <Item>
          <IdeaActionID>RunDashboard.RemoveConfiguration</IdeaActionID>
          <ShortCut>'Delete'</ShortCut>
          <Description>Remove Configuration</Description>
          <Count>7</Count>
        </Item>
      </Statistic>
      <Statistic Action="Remove Module">
        <Item>
          <IdeaActionID>$Delete</IdeaActionID>
          <ShortCut>'Delete'</ShortCut>
          <Description>Remove Module</Description>
          <Count>4</Count>
        </Item>
      </Statistic>
      <Statistic Action="Rename...">
        <Item>
          <IdeaActionID>RenameElement</IdeaActionID>
          <ShortCut>'Shift+F6'</ShortCut>
          <Description>Rename...</Description>
          <Count>49</Count>
        </Item>
      </Statistic>
      <Statistic Action="Rerun">
        <Item>
          <IdeaActionID>RunDashboard.Run</IdeaActionID>
          <ShortCut>'Ctrl+Shift+F10'</ShortCut>
          <Description>Rerun</Description>
          <Count>89</Count>
        </Item>
      </Statistic>
      <Statistic Action="Rerun 'ConfigServiceApplication'">
        <Item>
          <IdeaActionID>Rerun</IdeaActionID>
          <ShortCut>'Ctrl+F5'</ShortCut>
          <Description>Rerun 'ConfigServiceApplication'</Description>
          <Count>1</Count>
        </Item>
      </Statistic>
      <Statistic Action="Restore Windows">
        <Item>
          <IdeaActionID>HideAllWindows</IdeaActionID>
          <ShortCut>'Ctrl+Shift+F12'</ShortCut>
          <Description>Restore Windows</Description>
          <Count>7</Count>
        </Item>
      </Statistic>
      <Statistic Action="Revert...">
        <Item>
          <IdeaActionID>ChangesView.Revert</IdeaActionID>
          <ShortCut>'Ctrl+Alt+Z'</ShortCut>
          <Description>Revert...</Description>
          <Count>5</Count>
        </Item>
      </Statistic>
      <Statistic Action="Rollback...">
        <Item>
          <IdeaActionID>ChangesView.Revert</IdeaActionID>
          <ShortCut>'Ctrl+Alt+Z'</ShortCut>
          <Description>Rollback...</Description>
          <Count>35</Count>
        </Item>
      </Statistic>
      <Statistic Action="Run">
        <Item>
          <IdeaActionID>ActivateRunToolWindow</IdeaActionID>
          <ShortCut>'Alt+4'</ShortCut>
          <Description>Run</Description>
          <Count>343</Count>
        </Item>
      </Statistic>
      <Statistic Action="Run 'AnnotationApplication'">
        <Item>
          <IdeaActionID>RunClass</IdeaActionID>
          <ShortCut>'Ctrl+Shift+F10'</ShortCut>
          <Description>Run 'AnnotationApplication'</Description>
          <Count>1</Count>
        </Item>
      </Statistic>
      <Statistic Action="Run 'Application'">
        <Item>
          <IdeaActionID>RunClass</IdeaActionID>
          <ShortCut>'Ctrl+Shift+F10'</ShortCut>
          <Description>Run 'Application'</Description>
          <Count>35</Count>
        </Item>
      </Statistic>
      <Statistic Action="Run 'ArrayTest.main()'">
        <Item>
          <IdeaActionID>RunClass</IdeaActionID>
          <ShortCut>'Ctrl+Shift+F10'</ShortCut>
          <Description>Run 'ArrayTest.main()'</Description>
          <Count>5</Count>
        </Item>
      </Statistic>
      <Statistic Action="Run 'BdgServiceMain'">
        <Item>
          <IdeaActionID>RunClass</IdeaActionID>
          <ShortCut>'Ctrl+Shift+F10'</ShortCut>
          <Description>Run 'BdgServiceMain'</Description>
          <Count>5</Count>
        </Item>
      </Statistic>
      <Statistic Action="Run 'BdgServiceMain.main()'">
        <Item>
          <IdeaActionID>RunClass</IdeaActionID>
          <ShortCut>'Ctrl+Shift+F10'</ShortCut>
          <Description>Run 'BdgServiceMain.main()'</Description>
          <Count>1</Count>
        </Item>
      </Statistic>
      <Statistic Action="Run 'BoottestApplication'">
        <Item>
          <IdeaActionID>RunClass</IdeaActionID>
          <ShortCut>'Ctrl+Shift+F10'</ShortCut>
          <Description>Run 'BoottestApplication'</Description>
          <Count>4</Count>
        </Item>
      </Statistic>
      <Statistic Action="Run 'ConPro.main()'">
        <Item>
          <IdeaActionID>RunClass</IdeaActionID>
          <ShortCut>'Ctrl+Shift+F10'</ShortCut>
          <Description>Run 'ConPro.main()'</Description>
          <Count>26</Count>
        </Item>
      </Statistic>
      <Statistic Action="Run 'ConfigServiceA....main()'">
        <Item>
          <IdeaActionID>RunClass</IdeaActionID>
          <ShortCut>'Ctrl+Shift+F10'</ShortCut>
          <Description>Run 'ConfigServiceA....main()'</Description>
          <Count>1</Count>
        </Item>
      </Statistic>
      <Statistic Action="Run 'ConfigServiceApplica...'">
        <Item>
          <IdeaActionID>RunClass</IdeaActionID>
          <ShortCut>'Ctrl+Shift+F10'</ShortCut>
          <Description>Run 'ConfigServiceApplica...'</Description>
          <Count>1</Count>
        </Item>
      </Statistic>
      <Statistic Action="Run 'ConsumerApplication'">
        <Item>
          <IdeaActionID>RunClass</IdeaActionID>
          <ShortCut>'Ctrl+Shift+F10'</ShortCut>
          <Description>Run 'ConsumerApplication'</Description>
          <Count>2</Count>
        </Item>
      </Statistic>
      <Statistic Action="Run 'ConsumerRibbonApplic...'">
        <Item>
          <IdeaActionID>RunClass</IdeaActionID>
          <ShortCut>'Ctrl+Shift+F10'</ShortCut>
          <Description>Run 'ConsumerRibbonApplic...'</Description>
          <Count>5</Count>
        </Item>
      </Statistic>
      <Statistic Action="Run 'EncryptUtil.main()'">
        <Item>
          <IdeaActionID>RunClass</IdeaActionID>
          <ShortCut>'Ctrl+Shift+F10'</ShortCut>
          <Description>Run 'EncryptUtil.main()'</Description>
          <Count>1</Count>
        </Item>
      </Statistic>
      <Statistic Action="Run 'EurekaClientApplicat...'">
        <Item>
          <IdeaActionID>RunClass</IdeaActionID>
          <ShortCut>'Ctrl+Shift+F10'</ShortCut>
          <Description>Run 'EurekaClientApplicat...'</Description>
          <Count>26</Count>
        </Item>
      </Statistic>
      <Statistic Action="Run 'EurekaComsumerApplic...'">
        <Item>
          <IdeaActionID>RunClass</IdeaActionID>
          <ShortCut>'Ctrl+Shift+F10'</ShortCut>
          <Description>Run 'EurekaComsumerApplic...'</Description>
          <Count>4</Count>
        </Item>
      </Statistic>
      <Statistic Action="Run 'EurekaServerApplicat...'">
        <Item>
          <IdeaActionID>RunClass</IdeaActionID>
          <ShortCut>'Ctrl+Shift+F10'</ShortCut>
          <Description>Run 'EurekaServerApplicat...'</Description>
          <Count>6</Count>
        </Item>
      </Statistic>
      <Statistic Action="Run 'EurekaServerApplication'">
        <Item>
          <IdeaActionID>Run</IdeaActionID>
          <ShortCut>'Shift+F10'</ShortCut>
          <Description>Run 'EurekaServerApplication'</Description>
          <Count>2</Count>
        </Item>
      </Statistic>
      <Statistic Action="Run 'EurekaserverApplicat...'">
        <Item>
          <IdeaActionID>RunClass</IdeaActionID>
          <ShortCut>'Ctrl+Shift+F10'</ShortCut>
          <Description>Run 'EurekaserverApplicat...'</Description>
          <Count>6</Count>
        </Item>
      </Statistic>
      <Statistic Action="Run 'Fasp2syncinfoDTO.main()'">
        <Item>
          <IdeaActionID>RunClass</IdeaActionID>
          <ShortCut>'Ctrl+Shift+F10'</ShortCut>
          <Description>Run 'Fasp2syncinfoDTO.main()'</Description>
          <Count>3</Count>
        </Item>
      </Statistic>
      <Statistic Action="Run 'HelloWorld'">
        <Item>
          <IdeaActionID>RunClass</IdeaActionID>
          <ShortCut>'Ctrl+Shift+F10'</ShortCut>
          <Description>Run 'HelloWorld'</Description>
          <Count>4</Count>
        </Item>
      </Statistic>
      <Statistic Action="Run 'HelloWorldAppInitial...'">
        <Item>
          <IdeaActionID>RunClass</IdeaActionID>
          <ShortCut>'Ctrl+Shift+F10'</ShortCut>
          <Description>Run 'HelloWorldAppInitial...'</Description>
          <Count>14</Count>
        </Item>
      </Statistic>
      <Statistic Action="Run 'HelloWorldAppInitializer'">
        <Item>
          <IdeaActionID>Run</IdeaActionID>
          <ShortCut>'Shift+F10'</ShortCut>
          <Description>Run 'HelloWorldAppInitializer'</Description>
          <Count>1</Count>
        </Item>
      </Statistic>
      <Statistic Action="Run 'MD5Utils.main()'">
        <Item>
          <IdeaActionID>RunClass</IdeaActionID>
          <ShortCut>'Ctrl+Shift+F10'</ShortCut>
          <Description>Run 'MD5Utils.main()'</Description>
          <Count>1</Count>
        </Item>
      </Statistic>
      <Statistic Action="Run 'Main (1)'">
        <Item>
          <IdeaActionID>RunClass</IdeaActionID>
          <ShortCut>'Ctrl+Shift+F10'</ShortCut>
          <Description>Run 'Main (1)'</Description>
          <Count>4</Count>
        </Item>
      </Statistic>
      <Statistic Action="Run 'Main'">
        <Item>
          <IdeaActionID>RunClass</IdeaActionID>
          <ShortCut>'Ctrl+Shift+F10'</ShortCut>
          <Description>Run 'Main'</Description>
          <Count>2</Count>
        </Item>
      </Statistic>
      <Statistic Action="Run 'Main.main()'">
        <Item>
          <IdeaActionID>RunClass</IdeaActionID>
          <ShortCut>'Ctrl+Shift+F10'</ShortCut>
          <Description>Run 'Main.main()'</Description>
          <Count>2</Count>
        </Item>
      </Statistic>
      <Statistic Action="Run 'PayReportServi....main()'">
        <Item>
          <IdeaActionID>RunClass</IdeaActionID>
          <ShortCut>'Ctrl+Shift+F10'</ShortCut>
          <Description>Run 'PayReportServi....main()'</Description>
          <Count>1</Count>
        </Item>
      </Statistic>
      <Statistic Action="Run 'ProConsumer.main()'">
        <Item>
          <IdeaActionID>RunClass</IdeaActionID>
          <ShortCut>'Ctrl+Shift+F10'</ShortCut>
          <Description>Run 'ProConsumer.main()'</Description>
          <Count>2</Count>
        </Item>
      </Statistic>
      <Statistic Action="Run 'ProviderApplication'">
        <Item>
          <IdeaActionID>RunClass</IdeaActionID>
          <ShortCut>'Ctrl+Shift+F10'</ShortCut>
          <Description>Run 'ProviderApplication'</Description>
          <Count>1</Count>
        </Item>
      </Statistic>
      <Statistic Action="Run 'PublicService'">
        <Item>
          <IdeaActionID>RunClass</IdeaActionID>
          <ShortCut>'Ctrl+Shift+F10'</ShortCut>
          <Description>Run 'PublicService'</Description>
          <Count>2</Count>
        </Item>
      </Statistic>
      <Statistic Action="Run 'PublicWebMain'">
        <Item>
          <IdeaActionID>RunClass</IdeaActionID>
          <ShortCut>'Ctrl+Shift+F10'</ShortCut>
          <Description>Run 'PublicWebMain'</Description>
          <Count>5</Count>
        </Item>
      </Statistic>
      <Statistic Action="Run 'RestApiTest'">
        <Item>
          <IdeaActionID>RunClass</IdeaActionID>
          <ShortCut>'Ctrl+Shift+F10'</ShortCut>
          <Description>Run 'RestApiTest'</Description>
          <Count>7</Count>
        </Item>
      </Statistic>
      <Statistic Action="Run 'SpringBootAdminAppli...'">
        <Item>
          <IdeaActionID>RunClass</IdeaActionID>
          <ShortCut>'Ctrl+Shift+F10'</ShortCut>
          <Description>Run 'SpringBootAdminAppli...'</Description>
          <Count>3</Count>
        </Item>
      </Statistic>
      <Statistic Action="Run 'StartApplication'">
        <Item>
          <IdeaActionID>RunClass</IdeaActionID>
          <ShortCut>'Ctrl+Shift+F10'</ShortCut>
          <Description>Run 'StartApplication'</Description>
          <Count>5</Count>
        </Item>
      </Statistic>
      <Statistic Action="Run 'StartBdgudtApp....main()'">
        <Item>
          <IdeaActionID>RunClass</IdeaActionID>
          <ShortCut>'Ctrl+Shift+F10'</ShortCut>
          <Description>Run 'StartBdgudtApp....main()'</Description>
          <Count>1</Count>
        </Item>
      </Statistic>
      <Statistic Action="Run 'StartBdgudtApplication'">
        <Item>
          <IdeaActionID>RunClass</IdeaActionID>
          <ShortCut>'Ctrl+Shift+F10'</ShortCut>
          <Description>Run 'StartBdgudtApplication'</Description>
          <Count>5</Count>
        </Item>
      </Statistic>
      <Statistic Action="Run 'StartGateway_M....main()'">
        <Item>
          <IdeaActionID>RunClass</IdeaActionID>
          <ShortCut>'Ctrl+Shift+F10'</ShortCut>
          <Description>Run 'StartGateway_M....main()'</Description>
          <Count>1</Count>
        </Item>
      </Statistic>
      <Statistic Action="Run 'StartGateway_O....main()'">
        <Item>
          <IdeaActionID>RunClass</IdeaActionID>
          <ShortCut>'Ctrl+Shift+F10'</ShortCut>
          <Description>Run 'StartGateway_O....main()'</Description>
          <Count>5</Count>
        </Item>
      </Statistic>
      <Statistic Action="Run 'StartGateway_Outer'">
        <Item>
          <IdeaActionID>RunClass</IdeaActionID>
          <ShortCut>'Ctrl+Shift+F10'</ShortCut>
          <Description>Run 'StartGateway_Outer'</Description>
          <Count>3</Count>
        </Item>
      </Statistic>
      <Statistic Action="Run 'StartWebApp.main()'">
        <Item>
          <IdeaActionID>RunClass</IdeaActionID>
          <ShortCut>'Ctrl+Shift+F10'</ShortCut>
          <Description>Run 'StartWebApp.main()'</Description>
          <Count>1</Count>
        </Item>
      </Statistic>
      <Statistic Action="Run 'StreamServiceMain'">
        <Item>
          <IdeaActionID>RunClass</IdeaActionID>
          <ShortCut>'Ctrl+Shift+F10'</ShortCut>
          <Description>Run 'StreamServiceMain'</Description>
          <Count>1</Count>
        </Item>
      </Statistic>
      <Statistic Action="Run 'Test.main()'">
        <Item>
          <IdeaActionID>RunClass</IdeaActionID>
          <ShortCut>'Ctrl+Shift+F10'</ShortCut>
          <Description>Run 'Test.main()'</Description>
          <Count>7</Count>
        </Item>
      </Statistic>
      <Statistic Action="Run 'ZipkinSpringCloudApp...'">
        <Item>
          <IdeaActionID>RunClass</IdeaActionID>
          <ShortCut>'Ctrl+Shift+F10'</ShortCut>
          <Description>Run 'ZipkinSpringCloudApp...'</Description>
          <Count>1</Count>
        </Item>
      </Statistic>
      <Statistic Action="Run 'ZuulApplication'">
        <Item>
          <IdeaActionID>RunClass</IdeaActionID>
          <ShortCut>'Ctrl+Shift+F10'</ShortCut>
          <Description>Run 'ZuulApplication'</Description>
          <Count>5</Count>
        </Item>
      </Statistic>
      <Statistic Action="Run 'bdgReport()'">
        <Item>
          <IdeaActionID>RunClass</IdeaActionID>
          <ShortCut>'Ctrl+Shift+F10'</ShortCut>
          <Description>Run 'bdgReport()'</Description>
          <Count>1</Count>
        </Item>
      </Statistic>
      <Statistic Action="Run 'glCtrl()'">
        <Item>
          <IdeaActionID>RunClass</IdeaActionID>
          <ShortCut>'Ctrl+Shift+F10'</ShortCut>
          <Description>Run 'glCtrl()'</Description>
          <Count>5</Count>
        </Item>
      </Statistic>
      <Statistic Action="Run 'payReport()'">
        <Item>
          <IdeaActionID>RunClass</IdeaActionID>
          <ShortCut>'Ctrl+Shift+F10'</ShortCut>
          <Description>Run 'payReport()'</Description>
          <Count>37</Count>
        </Item>
      </Statistic>
      <Statistic Action="Run 'query()'">
        <Item>
          <IdeaActionID>RunClass</IdeaActionID>
          <ShortCut>'Ctrl+Shift+F10'</ShortCut>
          <Description>Run 'query()'</Description>
          <Count>7</Count>
        </Item>
      </Statistic>
      <Statistic Action="Settings...">
        <Item>
          <IdeaActionID>ShowSettings</IdeaActionID>
          <ShortCut>'Ctrl+Alt+S'</ShortCut>
          <Description>Settings...</Description>
          <Count>28</Count>
        </Item>
      </Statistic>
      <Statistic Action="Show All Affected Files">
        <Item>
          <IdeaActionID>VcsHistory.ShowAllAffected</IdeaActionID>
          <ShortCut>'Alt+Shift+A'</ShortCut>
          <Description>Show All Affected Files</Description>
          <Count>1</Count>
        </Item>
      </Statistic>
      <Statistic Action="Show Configurations">
        <Item>
          <IdeaActionID>RunDashboard.ShowConfigurations</IdeaActionID>
          <ShortCut>'Ctrl+Shift+T'</ShortCut>
          <Description>Show Configurations</Description>
          <Count>4</Count>
        </Item>
      </Statistic>
      <Statistic Action="Show Dependencies...">
        <Item>
          <IdeaActionID>ShowUmlDiagram</IdeaActionID>
          <ShortCut>'Ctrl+Alt+Shift+U'</ShortCut>
          <Description>Show Dependencies...</Description>
          <Count>3</Count>
        </Item>
      </Statistic>
      <Statistic Action="Show Diff">
        <Item>
          <IdeaActionID>Diff.ShowDiff</IdeaActionID>
          <ShortCut>'Ctrl+D'</ShortCut>
          <Description>Show Diff</Description>
          <Count>137</Count>
        </Item>
      </Statistic>
      <Statistic Action="Show Translation Dialog...">
        <Item>
          <IdeaActionID>$ShowTranslationDialogAction</IdeaActionID>
          <ShortCut>'Ctrl+Shift+O'</ShortCut>
          <Description>Show Translation Dialog...</Description>
          <Count>5</Count>
        </Item>
      </Statistic>
      <Statistic Action="Source Editor">
        <Item>
          <IdeaActionID>Jdbc.OpenEditor.DDL</IdeaActionID>
          <ShortCut>'Ctrl+B'</ShortCut>
          <Description>Source Editor</Description>
          <Count>5</Count>
        </Item>
      </Statistic>
      <Statistic Action="Stop">
        <Item>
          <IdeaActionID>RunDashboard.Stop</IdeaActionID>
          <ShortCut>'Ctrl+F2'</ShortCut>
          <Description>Stop</Description>
          <Count>116</Count>
        </Item>
      </Statistic>
      <Statistic Action="Stop 'Application'">
        <Item>
          <IdeaActionID>Stop</IdeaActionID>
          <ShortCut>'Ctrl+F2'</ShortCut>
          <Description>Stop 'Application'</Description>
          <Count>13</Count>
        </Item>
      </Statistic>
      <Statistic Action="Stop 'BoottestApplication'">
        <Item>
          <IdeaActionID>Stop</IdeaActionID>
          <ShortCut>'Ctrl+F2'</ShortCut>
          <Description>Stop 'BoottestApplication'</Description>
          <Count>2</Count>
        </Item>
      </Statistic>
      <Statistic Action="Stop 'ConPro'">
        <Item>
          <IdeaActionID>Stop</IdeaActionID>
          <ShortCut>'Ctrl+F2'</ShortCut>
          <Description>Stop 'ConPro'</Description>
          <Count>18</Count>
        </Item>
      </Statistic>
      <Statistic Action="Stop 'EurekaserverApplication'">
        <Item>
          <IdeaActionID>Stop</IdeaActionID>
          <ShortCut>'Ctrl+F2'</ShortCut>
          <Description>Stop 'EurekaserverApplication'</Description>
          <Count>6</Count>
        </Item>
      </Statistic>
      <Statistic Action="Stop 'JsonFormat'">
        <Item>
          <IdeaActionID>Stop</IdeaActionID>
          <ShortCut>'Ctrl+F2'</ShortCut>
          <Description>Stop 'JsonFormat'</Description>
          <Count>1</Count>
        </Item>
      </Statistic>
      <Statistic Action="Stop 'ProConsumer'">
        <Item>
          <IdeaActionID>Stop</IdeaActionID>
          <ShortCut>'Ctrl+F2'</ShortCut>
          <Description>Stop 'ProConsumer'</Description>
          <Count>2</Count>
        </Item>
      </Statistic>
      <Statistic Action="Stop 'SpringBootAdminApplication'">
        <Item>
          <IdeaActionID>Stop</IdeaActionID>
          <ShortCut>'Ctrl+F2'</ShortCut>
          <Description>Stop 'SpringBootAdminApplication'</Description>
          <Count>1</Count>
        </Item>
      </Statistic>
      <Statistic Action="Stop 'StartBdgudtApplication'">
        <Item>
          <IdeaActionID>Stop</IdeaActionID>
          <ShortCut>'Ctrl+F2'</ShortCut>
          <Description>Stop 'StartBdgudtApplication'</Description>
          <Count>1</Count>
        </Item>
      </Statistic>
      <Statistic Action="Stop 'StartGateway_Outer'">
        <Item>
          <IdeaActionID>Stop</IdeaActionID>
          <ShortCut>'Ctrl+F2'</ShortCut>
          <Description>Stop 'StartGateway_Outer'</Description>
          <Count>3</Count>
        </Item>
      </Statistic>
      <Statistic Action="Stop 'compress'">
        <Item>
          <IdeaActionID>Stop</IdeaActionID>
          <ShortCut>'Ctrl+F2'</ShortCut>
          <Description>Stop 'compress'</Description>
          <Count>7</Count>
        </Item>
      </Statistic>
      <Statistic Action="Stop 'pay3.0'">
        <Item>
          <IdeaActionID>Stop</IdeaActionID>
          <ShortCut>'Ctrl+F2'</ShortCut>
          <Description>Stop 'pay3.0'</Description>
          <Count>69</Count>
        </Item>
      </Statistic>
      <Statistic Action="Stop...">
        <Item>
          <IdeaActionID>Stop</IdeaActionID>
          <ShortCut>'Ctrl+F2'</ShortCut>
          <Description>Stop...</Description>
          <Count>50</Count>
        </Item>
      </Statistic>
      <Statistic Action="Structure">
        <Item>
          <IdeaActionID>ActivateStructureToolWindow</IdeaActionID>
          <ShortCut>'Alt+7'</ShortCut>
          <Description>Structure</Description>
          <Count>3</Count>
        </Item>
      </Statistic>
      <Statistic Action="Synchronize">
        <Item>
          <IdeaActionID>DatabaseView.SynchronizeAction</IdeaActionID>
          <ShortCut>'Ctrl+Alt+Y'</ShortCut>
          <Description>Synchronize</Description>
          <Count>33</Count>
        </Item>
      </Statistic>
      <Statistic Action="TODO">
        <Item>
          <IdeaActionID>ActivateTODOToolWindow</IdeaActionID>
          <ShortCut>'Alt+6'</ShortCut>
          <Description>TODO</Description>
          <Count>2</Count>
        </Item>
      </Statistic>
      <Statistic Action="Terminal">
        <Item>
          <IdeaActionID>ActivateTerminalToolWindow</IdeaActionID>
          <ShortCut>'Alt+F12'</ShortCut>
          <Description>Terminal</Description>
          <Count>19</Count>
        </Item>
      </Statistic>
      <Statistic Action="Toggle Line Breakpoint">
        <Item>
          <IdeaActionID>ToggleLineBreakpoint</IdeaActionID>
          <ShortCut>'Ctrl+F8'</ShortCut>
          <Description>Toggle Line Breakpoint</Description>
          <Count>181</Count>
        </Item>
      </Statistic>
      <Statistic Action="Translate">
        <Item>
          <IdeaActionID>$EditorTranslateAction</IdeaActionID>
          <ShortCut>'Ctrl+Shift+Y'</ShortCut>
          <Description>Translate</Description>
          <Count>2</Count>
        </Item>
      </Statistic>
      <Statistic Action="Update Project...">
        <Item>
          <IdeaActionID>Vcs.UpdateProject</IdeaActionID>
          <ShortCut>'Ctrl+T'</ShortCut>
          <Description>Update Project...</Description>
          <Count>126</Count>
        </Item>
      </Statistic>
      <Statistic Action="Version Control">
        <Item>
          <IdeaActionID>ActivateVersionControlToolWindow</IdeaActionID>
          <ShortCut>'Alt+9' or 'Alt+Shift+9'</ShortCut>
          <Description>Version Control</Description>
          <Count>20</Count>
        </Item>
      </Statistic>
      <Statistic Action="View Breakpoints...">
        <Item>
          <IdeaActionID>ViewBreakpoints</IdeaActionID>
          <ShortCut>'Ctrl+Shift+F8'</ShortCut>
          <Description>View Breakpoints...</Description>
          <Count>2</Count>
        </Item>
      </Statistic>
    </option>
  </component>
</application>