<application>
  <component name="CodeInsightSettings">
    <option name="COMPLETION_CASE_SENSITIVE" value="2" />
    <option name="REFORMAT_BLOCK_ON_RBRACE" value="false" />
    <option name="ADD_IMPORTS_ON_PASTE" value="2" />
    <option name="ADD_UNAMBIGIOUS_IMPORTS_ON_THE_FLY" value="true" />
  </component>
  <component name="DefaultFont">
    <option name="FONT_SIZE" value="15" />
  </component>
  <component name="EditorSettings">
    <option name="STRIP_TRAILING_SPACES" value="None" />
    <option name="SHOW_QUICK_DOC_ON_MOUSE_OVER_ELEMENT" value="true" />
    <option name="IS_WHITESPACES_SHOWN" value="true" />
    <option name="IS_INDENT_GUIDES_SHOWN" value="false" />
    <option name="KEEP_TRAILING_SPACE_ON_CARET_LINE" value="false" />
  </component>
</application>