<application>
  <component name="GeneralSettings">
    <option name="autoSaveIfInactive" value="true" />
    <option name="confirmExit" value="false" />
    <option name="confirmOpenNewProject2" value="1" />
    <option name="inactiveTimeout" value="10" />
    <option name="reopenLastProject" value="false" />
    <option name="showTipsOnStartup" value="false" />
    <option name="useSafeWrite" value="false" />
  </component>
  <component name="Registry">
    <entry key="debugger.valueTooltipAutoShow" value="false" />
    <entry key="debugger.valueTooltipAutoShowOnSelection" value="true" />
    <entry key="compiler.automake.allow.when.app.running" value="true" />
    <entry key="git.explicit.commit.renames.prohibit.multiple.calls" value="false" />
  </component>
</application>