<application>
  <component name="ProjectJdkTable">
    <jdk version="2">
      <name value="1.6" />
      <type value="JavaSDK" />
      <version value="java version &quot;1.6.0_45&quot;" />
      <homePath value="/opt/jdk1.6.0_45" />
      <roots>
        <annotationsPath>
          <root type="composite">
            <root url="jar://$APPLICATION_HOME_DIR$/lib/jdkAnnotations.jar!/" type="simple" />
          </root>
        </annotationsPath>
        <classPath>
          <root type="composite">
            <root url="jar:///opt/jdk1.6.0_45/jre/lib/charsets.jar!/" type="simple" />
            <root url="jar:///opt/jdk1.6.0_45/jre/lib/deploy.jar!/" type="simple" />
            <root url="jar:///opt/jdk1.6.0_45/jre/lib/ext/dnsns.jar!/" type="simple" />
            <root url="jar:///opt/jdk1.6.0_45/jre/lib/ext/localedata.jar!/" type="simple" />
            <root url="jar:///opt/jdk1.6.0_45/jre/lib/ext/sunjce_provider.jar!/" type="simple" />
            <root url="jar:///opt/jdk1.6.0_45/jre/lib/ext/sunpkcs11.jar!/" type="simple" />
            <root url="jar:///opt/jdk1.6.0_45/jre/lib/javaws.jar!/" type="simple" />
            <root url="jar:///opt/jdk1.6.0_45/jre/lib/jce.jar!/" type="simple" />
            <root url="jar:///opt/jdk1.6.0_45/jre/lib/jsse.jar!/" type="simple" />
            <root url="jar:///opt/jdk1.6.0_45/jre/lib/management-agent.jar!/" type="simple" />
            <root url="jar:///opt/jdk1.6.0_45/jre/lib/plugin.jar!/" type="simple" />
            <root url="jar:///opt/jdk1.6.0_45/jre/lib/resources.jar!/" type="simple" />
            <root url="jar:///opt/jdk1.6.0_45/jre/lib/rt.jar!/" type="simple" />
          </root>
        </classPath>
        <javadocPath>
          <root type="composite" />
        </javadocPath>
        <sourcePath>
          <root type="composite">
            <root url="jar:///opt/jdk1.6.0_45/src.zip!/" type="simple" />
          </root>
        </sourcePath>
      </roots>
      <additional />
    </jdk>
    <jdk version="2">
      <name value="1.8" />
      <type value="JavaSDK" />
      <version value="java version &quot;1.8.0_221&quot;" />
      <homePath value="/opt/jdk1.8.0_221" />
      <roots>
        <annotationsPath>
          <root type="composite">
            <root url="jar://$APPLICATION_HOME_DIR$/lib/jdkAnnotations.jar!/" type="simple" />
          </root>
        </annotationsPath>
        <classPath>
          <root type="composite">
            <root url="jar:///opt/jdk1.8.0_221/jre/lib/charsets.jar!/" type="simple" />
            <root url="jar:///opt/jdk1.8.0_221/jre/lib/deploy.jar!/" type="simple" />
            <root url="jar:///opt/jdk1.8.0_221/jre/lib/ext/cldrdata.jar!/" type="simple" />
            <root url="jar:///opt/jdk1.8.0_221/jre/lib/ext/dnsns.jar!/" type="simple" />
            <root url="jar:///opt/jdk1.8.0_221/jre/lib/ext/jaccess.jar!/" type="simple" />
            <root url="jar:///opt/jdk1.8.0_221/jre/lib/ext/jfxrt.jar!/" type="simple" />
            <root url="jar:///opt/jdk1.8.0_221/jre/lib/ext/localedata.jar!/" type="simple" />
            <root url="jar:///opt/jdk1.8.0_221/jre/lib/ext/nashorn.jar!/" type="simple" />
            <root url="jar:///opt/jdk1.8.0_221/jre/lib/ext/sunec.jar!/" type="simple" />
            <root url="jar:///opt/jdk1.8.0_221/jre/lib/ext/sunjce_provider.jar!/" type="simple" />
            <root url="jar:///opt/jdk1.8.0_221/jre/lib/ext/sunpkcs11.jar!/" type="simple" />
            <root url="jar:///opt/jdk1.8.0_221/jre/lib/ext/zipfs.jar!/" type="simple" />
            <root url="jar:///opt/jdk1.8.0_221/jre/lib/javaws.jar!/" type="simple" />
            <root url="jar:///opt/jdk1.8.0_221/jre/lib/jce.jar!/" type="simple" />
            <root url="jar:///opt/jdk1.8.0_221/jre/lib/jfr.jar!/" type="simple" />
            <root url="jar:///opt/jdk1.8.0_221/jre/lib/jfxswt.jar!/" type="simple" />
            <root url="jar:///opt/jdk1.8.0_221/jre/lib/jsse.jar!/" type="simple" />
            <root url="jar:///opt/jdk1.8.0_221/jre/lib/management-agent.jar!/" type="simple" />
            <root url="jar:///opt/jdk1.8.0_221/jre/lib/plugin.jar!/" type="simple" />
            <root url="jar:///opt/jdk1.8.0_221/jre/lib/resources.jar!/" type="simple" />
            <root url="jar:///opt/jdk1.8.0_221/jre/lib/rt.jar!/" type="simple" />
          </root>
        </classPath>
        <javadocPath>
          <root type="composite" />
        </javadocPath>
        <sourcePath>
          <root type="composite">
            <root url="jar:///opt/jdk1.8.0_221/src.zip!/" type="simple" />
            <root url="jar:///opt/jdk1.8.0_221/javafx-src.zip!/" type="simple" />
          </root>
        </sourcePath>
      </roots>
      <additional />
    </jdk>
    <jdk version="2">
      <name value="Python 3.7" />
      <type value="Python SDK" />
      <version value="Python 3.7.4" />
      <homePath value="/usr/bin/python3.7" />
      <roots>
        <annotationsPath>
          <root type="composite" />
        </annotationsPath>
        <classPath>
          <root type="composite">
            <root url="file:///usr/lib/python3.7" type="simple" />
            <root url="file:///usr/lib/python3.7/lib-dynload" type="simple" />
            <root url="file:///usr/lib/python3.7/site-packages" type="simple" />
            <root url="file://$USER_HOME$/.IntelliJIdea2019.1/system/python_stubs/-1247971762" type="simple" />
            <root url="file://$APPLICATION_PLUGINS_DIR$/python/helpers/python-skeletons" type="simple" />
            <root url="file://$APPLICATION_PLUGINS_DIR$/python/helpers/typeshed/stdlib/3" type="simple" />
            <root url="file://$APPLICATION_PLUGINS_DIR$/python/helpers/typeshed/stdlib/2and3" type="simple" />
            <root url="file://$APPLICATION_PLUGINS_DIR$/python/helpers/typeshed/third_party/3" type="simple" />
            <root url="file://$APPLICATION_PLUGINS_DIR$/python/helpers/typeshed/third_party/2and3" type="simple" />
          </root>
        </classPath>
        <javadocPath>
          <root type="composite" />
        </javadocPath>
        <sourcePath>
          <root type="composite" />
        </sourcePath>
      </roots>
      <additional />
    </jdk>
  </component>
</application>